term,estimate,std.error,statistic,p.value,conf.low,conf.high,rel_week
rel_week::-2,0.027865156295769702,0.13848162551753282,0.20121915952121577,0.8416598368974583,-0.2529885976623599,0.3087189102538993,-2
rel_week::(-1) (baseline),0,NA,NA,NA,0,0,-1
rel_week::0,-0.34949566864641196,0.2830916336488493,-1.2345672817725553,0.22498960758008799,-0.9236321125773987,0.22464077528457488,0
rel_week::1,0.0033318770442907156,0.30183881342080565,0.011038597079447206,0.9912536000675165,-0.6088256097175028,0.6154893638060842,1
rel_week::2,-0.0868371065081445,0.3125938444582652,-0.27779531826237935,0.7827586861867317,-0.7208068071973682,0.5471325941810793,2
