term,estimate,std.error,statistic,p.value,conf.low,conf.high,rel_week
relative_week::-2,0.08725631122129195,0.15292965354292753,0.5705650225435122,0.5722796087865467,-0.22425119928409837,0.3987638217266823,-2
relative_week::(-1) (baseline),0,,,,0,0,-1
relative_week::0,-0.37529843553179676,0.3256334363891619,-1.1525181188189797,0.25764552492847886,-1.0385920398583748,0.28799516879478115,0
relative_week::1,0.0211916687898575,0.34247505270270456,0.06187799263806098,0.9510448726554306,-0.6764071853635371,0.718790522943252,1
relative_week::2,-0.07346851344233997,0.3530270357496494,-0.2081101615527273,0.8364618610204666,-0.7925610537036821,0.6456240268190022,2
