model_name,model_status,input_rows,used_rows,r2,within_r2,adjusted_r2
oct7_political_parties,ok,15,13,0.6066474686749654,0.4038474749585397,0.32568137487136917
oct7_other_orgs_people,ok,131,131,0.6615387100660282,0.004608282440396461,0.5600003230858366
