model_name,term,estimate,std.error,statistic,p.value,conf.low,conf.high
oct7_event,post_event,-0.19054026606848948,0.2776336790288835,-0.6863009802519914,0.497466404285849,-0.7560615641499218,0.37498103201294275
