model_name,model_status,input_rows,used_rows,r2,within_r2,adjusted_r2
all_entities_all_events,ok,10040,10038,0.348899780461177,0.0013210392209691557,0.34028943029364356
political_parties_all_events,ok,1412,1411,0.43595304847270433,0.0034553637684485716,0.40112484815249483
other_orgs_people_all_events,ok,8628,8627,0.3643673967892965,6.585724971183149e-4,0.3557787762547847
all_entities_political_events,ok,5325,5323,0.3310121403546453,0.0051044571381919646,0.31820118938479935
all_entities_terror_events,ok,4715,4714,0.40872952141322094,5.450783825577954e-5,0.3970883241931005
political_parties_political_events,ok,755,755,0.45282932379520646,0.017616149525113367,0.4122981625948513
political_parties_terror_events,ok,657,656,0.4817473328297538,5.497735423679595e-4,0.44442635516119267
other_orgs_people_political_events,ok,4570,4568,0.3438929970281004,0.0027461559775971978,0.33159922316023527
other_orgs_people_terror_events,ok,4058,4058,0.41665141721253396,5.7975662449027965e-5,0.40536552754554034
