model_name,term,estimate,std.error,statistic,p.value,conf.low,conf.high
all_entities_all_events,post_event,-0.08637548650511698,0.02232202028794826,-3.8695192187309058,2.5820850237525826e-4,-0.13096884837863237,-0.041782124631601567
political_parties_all_events,post_event,-0.14039323101391302,0.07674293969231173,-1.8293960535887304,0.08728743047216171,-0.30396693494601207,0.023180472918186035
other_orgs_people_all_events,post_event,-0.05909572111937787,0.02208597097833311,-2.6757130658802484,0.010169575566119318,-0.10350254202429449,-0.014688900214461266
all_entities_political_events,post_event,-0.17608313775031093,0.03632419914223158,-4.847543563475058,8.52228488004646e-6,-0.24867125757082942,-0.10349501792979242
all_entities_terror_events,post_event,0.01634083199935558,0.030727098698918712,0.5318052367869869,0.5968245424939064,-0.04512251660490871,0.07780418060361986
political_parties_political_events,post_event,-0.336355303229534,0.16473135236225123,-2.041841449160658,0.059161543674042916,-0.6874718693615016,0.01476126290243357
political_parties_terror_events,post_event,0.049527842321344225,0.0636337668718986,0.7783264256703352,0.4503114212375481,-0.08794455312136587,0.1870002377640543
other_orgs_people_political_events,post_event,-0.12477959205033737,0.03302994056055895,-3.7777722252197052,4.4479135800897743e-4,-0.19122726164209985,-0.058331922458574895
other_orgs_people_terror_events,post_event,0.016486682644277963,0.032888092661567614,0.501296405782266,0.6185531978765872,-0.04971361433104585,0.08268697961960178
